no,address,amount,tokenAddress
1,0xcEe6FeBe294D5591ed3ec94EBfcE35067cBA901F,0.0000005,
2,0x14561995A8cbDD05371b0c94ea3E28ee8B51a9Ae,0.0000005,
3,0x17b12F32fdA3140aa4a86AA7Ef7185378De984D4,0.0000005,0x2491D2bB958D483122E1D5c44bac749f0C1f1f34
4,0x8B0e15755a5517D33228cBa9dc75b68C5264FaEF,0.0000005,0x2491D2bB958D483122E1D5c44bac749f0C1f1f34
